ACCESSION_NO,AUTHOR,TITLE_OF_THE_BOOKS,STATUS
M 37589,"RAJARAMAN, V",COMPUTER PROGRAMMING IN FORTRAN IV,MISSED
M 38270,"MASANI, NK",BASIC COBOL,MISSED
M 45105,ERIC LOWDON,PRACTICAL TRANSFORMERS DESIGN HANDBOOK,MISSED
M 45249,"GILBERT, CHRIS",THE ABCS OF 1-2-3,MISSED
M 47886,"WILLIAMS, ROBERT E",MANUAL LOTUS 1-2-3,MISSED
M 49427,NO AUTHOR,MACRO-86- MACRO ASSEMBLER MANUAL,MISSED
M 49429,NO AUTHOR,TURBO PASCAL VERSION 3.0: REFERENCE MANUAL,MISSED
M 49532,"THOMPSON, D L",MICROCOMPUTERS AND SCHOOL PHYSICS,MISSED
M 49543,"MORGAN, CHRISTOPHER L",INSIDE XENIX,MISSED
M 49547,"RAKER, D",INSIDE AUTOCAD,MISSED
M 49552,"ISSAC, J R","INTRODUCTION TO DATABASE SYSTEM, VOL.I",MISSED
M 49557,"BALAGURUSAMY, E",FORTRAN IV FOR BEGINNERS,MISSED
M 49560,"JAIN, R K",FORTRAN 77: WITH APPLICATIONS TO SCIENCE AND ENGINEERING,MISSED
M 49561,"JAIN, V K",BASIC PROGRAMMING WITH APPLICATIONS,MISSED
