Access No,Author Name,Title,Edition,Call No,Publisher,Year Pub,Dept Name,Subject Name,Budget Name,Net Price
M 37589,"RAJARAMAN, V",COMPUTER PROGRAMMING IN FORTRAN IV,,5.13,PHI,0,COMPUTER SCIENCE ENGG.,COMPUTER SCIENCE,OTHERS,19
M 38270,"MASANI, NK",BASIC COBOL,,5.13,NIL,0,COMPUTER SCIENCE ENGG.,COMPUTER SCIENCE,OTHERS,25
M 45105,ERIC LOWDON,PRACTICAL TRANSFORMERS DESIGN HANDBOOK,,5.13,BPB,0,COMPUTER SCIENCE ENGG.,COMPUTER SCIENCE,OTHERS,76
M 45249,"GILBERT, CHRIS",THE ABCS OF 1-2-3,,5.13,BPB,1985,COMPUTER SCIENCE ENGG.,COMPUTER SCIENCE,OTHERS,131
M 47886,"WILLIAMS, ROBERT E",MANUAL LOTUS 1-2-3,,5.13,BPB,1986,COMPUTER SCIENCE ENGG.,COMPUTER SCIENCE,OTHERS,26
M 49427,NO AUTHOR,MACRO-86- MACRO ASSEMBLER MANUAL,,5.13,NIL,0,COMPUTER SCIENCE ENGG.,COMPUTER SCIENCE,OTHERS,200
M 49429,NO AUTHOR,TURBO PASCAL VERSION 3.0: REFERENCE MANUAL,,5.13,NIL,0,COMPUTER SCIENCE ENGG.,COMPUTER SCIENCE,OTHERS,240
M 49532,"THOMPSON, D L",MICROCOMPUTERS AND SCHOOL PHYSICS,,5.13,SIR ISAAC PITMAN,1983,COMPUTER SCIENCE ENGG.,COMPUTER SCIENCE,OTHERS,20
M 49543,"MORGAN, CHRISTOPHER L",INSIDE XENIX,,5.13,BPB,1987,COMPUTER SCIENCE ENGG.,COMPUTER SCIENCE,OTHERS,60
M 49547,"RAKER, D",INSIDE AUTOCAD,,5.13,BPB,1987,COMPUTER SCIENCE ENGG.,COMPUTER SCIENCE,OTHERS,75
M 49552,"ISSAC, J R","INTRODUCTION TO DATABASE SYSTEM, VOL.I",3,5.13,NIL,1987,COMPUTER SCIENCE ENGG.,COMPUTER SCIENCE,OTHERS,75
M 49557,"BALAGURUSAMY, E",FORTRAN IV FOR BEGINNERS,,5.13,TMH,1987,COMPUTER SCIENCE ENGG.,COMPUTER SCIENCE,OTHERS,27
M 49560,"JAIN, R K",FORTRAN 77: WITH APPLICATIONS TO SCIENCE AND ENGINEERING,,5.13,TMH,1988,COMPUTER SCIENCE ENGG.,COMPUTER SCIENCE,OTHERS,30
M 49561,"JAIN, V K",BASIC PROGRAMMING WITH APPLICATIONS,,5.13,TMH,1987,COMPUTER SCIENCE ENGG.,COMPUTER SCIENCE,OTHERS,30
10021,,,,,,,,,,
